Workbook
Name DCFNPVFactors: Sheet1!#REF!
Name Poundspertonne: [1]Parameters!$I$377
Name stons2mtons: [1]Parameters!$I$376
Name Thousand: [1]Parameters!$I$374
Name TwoThousand: [1]Parameters!$I$375
Name ValueFlag: [1]Parameters!$J$10:$DE$10

Sheet Sheet1
A1: Prices | D1: 2025 | E1: 2026 | F1: 2027 | G1: 2028 | H1: 2029 | I1: 2030 | J1: 2031 | K1: 2032 | L1: 2033 | M1: 2034 | N1: 2035 | O1: 2036 | P1: 2037 | Q1: 2038 | R1: 2039 | S1: 2040 | T1: 2041 | U1: 2042 | V1: 2043 | W1: 2044 | X1: 2045 | Y1: 2046 | Z1: 2047 | AA1: 2048 | AB1: 2049 | AC1: 2050
A2: Copper $/lb | D2: 4.3831083 | E2: 4.4205522 | F2: 4.5015295 | G2: 4.4318849 | H2: 4.1632163 | I2: 4.1916824 | J2: 4.2956524 | K2: 4.2956524 | L2: 4.2956524 | M2: 4.2956524 | N2: 4.2956524 | O2: 4.2956524 | P2: 4.2956524 | Q2: 4.2956524 | R2: 4.2956524 | S2: 4.2956524 | T2: 4.2956524 | U2: 4.2956524 | V2: 4.2956524 | W2: 4.2956524 | X2: 4.2956524 | Y2: 4.2956524 | Z2: 4.2956524 | AA2: 4.2956524 | AB2: 4.2956524 | AC2: 4.2956524
A3: Gold $/oz | D3: 2472.7804 | E3: 2638.3393 | F3: 2388.7282 | G3: 2284.0966 | H3: 2148.1642 | I3: 2120.2067 | J3: 2198.9906 | K3: 2198.9906 | L3: 2198.9906 | M3: 2198.9906 | N3: 2198.9906 | O3: 2198.9906 | P3: 2198.9906 | Q3: 2198.9906 | R3: 2198.9906 | S3: 2198.9906 | T3: 2198.9906 | U3: 2198.9906 | V3: 2198.9906 | W3: 2198.9906 | X3: 2198.9906 | Y3: 2198.9906 | Z3: 2198.9906 | AA3: 2198.9906 | AB3: 2198.9906 | AC3: 2198.9906
A4: Silver $/oz | D4: 29.252833 | E4: 30.301095 | F4: 28.766446 | G4: 26.76995 | H4: 25.03863 | I4: 26.117905 | J4: 26.538338 | K4: 26.538338 | L4: 26.538338 | M4: 26.538338 | N4: 26.538338 | O4: 26.538338 | P4: 26.538338 | Q4: 26.538338 | R4: 26.538338 | S4: 26.538338 | T4: 26.538338 | U4: 26.538338 | V4: 26.538338 | W4: 26.538338 | X4: 26.538338 | Y4: 26.538338 | Z4: 26.538338 | AA4: 26.538338 | AB4: 26.538338 | AC4: 26.538338
A6: Payable Metals in Concentrate
A7: Copper | B7: ktonnes | C7: 8078.7505 | D7: 330.20722 | E7: 372.38738 | F7: 425.80735 | G7: 454.96931 | H7: 498.98187 | I7: 531.15388 | J7: 546.76618 | K7: 509.41581 | L7: 464.6143 | M7: 415.1111 | N7: 397.30337 | O7: 401.10348 | P7: 410.44214 | Q7: 419.08194 | R7: 422.66013 | S7: 344.03513 | T7: 243.0136 | U7: 155.46732 | V7: 111.71187 | W7: 103.87617 | X7: 85.268964 | Y7: 83.587711 | Z7: 84.353224 | AA7: 103.07934 | AB7: 117.59367 | AC7: 46.758059
A8: Gold | B8: kounces | C8: 7144.0176 | D8: 420.82822 | E8: 380.15047 | F8: 254.69341 | G8: 278.49646 | H8: 331.57828 | I8: 419.53913 | J8: 395.43665 | K8: 379.87474 | L8: 308.33821 | M8: 237.39602 | N8: 261.77209 | O8: 245.28287 | P8: 267.21854 | Q8: 301.78826 | R8: 332.48715 | S8: 559.91634 | T8: 118.57578 | U8: 126.59872 | V8: 101.95345 | W8: 51.382138 | X8: 94.943199 | Y8: 113.88727 | Z8: 205.87778 | AA8: 286.95898 | AB8: 540.29185 | AC8: 128.7516
A9: Silver | B9: kounces | C9: 44781.591 | D9: 1959.3394 | E9: 2056.6959 | F9: 2258.6825 | G9: 2425.7971 | H9: 2669.2717 | I9: 3030.6804 | J9: 3129.8335 | K9: 2925.8198 | L9: 2598.9762 | M9: 2280.0984 | N9: 2281.4322 | O9: 2118.8259 | P9: 2055.5417 | Q9: 2102.9444 | R9: 2105.934 | S9: 1744.8913 | T9: 1111.158 | U9: 893.73815 | V9: 614.86208 | W9: 553.0878 | X9: 573.31808 | Y9: 610.13116 | Z9: 637.79683 | AA9: 764.40743 | AB9: 889.21737 | AC9: 389.10959
A11: Gross Revenue
A12: Copper | B12: $M Real | C12: 76736.811 | D12: 3190.8253 | E12: 3629.1568 | F12: 4225.7861 | G12: 4445.3385 | H12: 4579.8158 | I12: 4908.4344 | J12: 5178.0356 | K12: 4824.3167 | L12: 4400.0332 | M12: 3931.2235 | N12: 3762.5791 | O12: 3798.5672 | P12: 3887.0071 | Q12: 3968.8285 | R12: 4002.715 | S12: 3258.1133 | T12: 2301.4098 | U12: 1472.3209 | V12: 1057.944 | W12: 983.73771 | X12: 807.52202 | Y12: 791.60006 | Z12: 798.8497 | AA12: 976.1915 | AB12: 1113.6464 | AC12: 442.81249
A13: Gold | B13: $M Real | C13: 16013.986 | D13: =D3*D8/1000 -> 1040.6158 | E13: =E3*E8/1000 -> 1002.9659 | F13: =F3*F8/1000 -> 608.39332 | G13: =G3*G8/1000 -> 636.11283 | H13: =H3*H8/1000 -> 712.28461 | I13: =I3*I8/1000 -> 889.50971 | J13: =J3*J8/1000 -> 869.56148 | K13: =K3*K8/1000 -> 835.34098 | ... AC13: =AC3*AC8/1000 -> 283.12357
A14: Silver | B14: $M Real | C14: 1201.8036 | D14: 57.316228 | E14: 62.320138 | F14: 64.974267 | G14: 64.938466 | H14: 66.834906 | I14: 79.155022 | J14: 83.060581 | K14: 77.646394 | L14: 68.972508 | M14: 60.510022 | N14: 60.545419 | O14: 56.230119 | P14: 54.55066 | Q14: 55.80865 | R14: 55.887989 | S14: 46.306517 | T14: 29.488288 | U14: 23.718325 | V14: 16.317418 | W14: 14.678031 | X14: 15.214909 | Y14: 16.191867 | Z14: 16.926068 | AA14: 20.286103 | AB14: 23.598351 | AC14: 10.326322
A15: Gross Revenue | B15: $M Real | C15: 93952.6 | D15: 4288.7573 | E15: 4694.4429 | F15: 4899.1537 | G15: 5146.3898 | H15: 5358.9353 | I15: 5877.0991 | J15: 6130.6577 | K15: 5737.304 | L15: 5147.0386 | M15: 4513.7651 | N15: 4398.7589 | O15: 4394.1721 | P15: 4529.1688 | Q15: 4688.2667 | R15: 4789.7392 | S15: 4535.6706 | T15: 2591.6451 | U15: 1774.4287 | V15: 1298.4561 | W15: 1111.4046 | X15: 1031.5161 | Y15: 1058.229 | Z15: 1268.4991 | AA15: 1627.4977 | AB15: 2325.3415 | AC15: 736.26238
C20: lb vs t | D20: 2204.62
C21: oz vs t | D21: 32150.75

Sheet Sheet2
A1: Prices | B1: 2025 | C1: 2026 | D1: 2027 | E1: 2028 | F1: 2029 | G1: 2030 | H1: 2031 | I1: 2032 | J1: 2033 | K1: 2034 | L1: 2035 | M1: 2036 | N1: 2037 | O1: 2038 | P1: 2039 | Q1: 2040 | R1: 2041 | S1: 2042 | T1: 2043 | U1: 2044 | V1: 2045 | W1: 2046 | X1: 2047 | Y1: 2048 | Z1: 2049 | AA1: 2050
A2: Copper $/t | B2: =Sheet1!D2*Sheet1!$D$20 -> 9663.0882 | C2: =Sheet1!E2*Sheet1!$D$20 -> 9745.6378 | D2: =Sheet1!F2*Sheet1!$D$20 -> 9924.162 | E2: =Sheet1!G2*Sheet1!$D$20 -> 9770.6221 | F2: =Sheet1!H2*Sheet1!$D$20 -> 9178.31 | G2: =Sheet1!I2*Sheet1!$D$20 -> 9241.0669 | H2: =Sheet1!J2*Sheet1!$D$20 -> 9470.2811 | I2: =Sheet1!K2*Sheet1!$D$20 -> 9470.2811 | ... AA2: =Sheet1!AC2*Sheet1!$D$20 -> 9470.2811
A3: Gold $/t | B3: =Sheet1!D3*Sheet1!$D$21 -> 79501746 | C3: =Sheet1!E3*Sheet1!$D$21 -> 84824587 | D3: =Sheet1!F3*Sheet1!$D$21 -> 76799402 | E3: =Sheet1!G3*Sheet1!$D$21 -> 73435419 | F3: =Sheet1!H3*Sheet1!$D$21 -> 69065091 | G3: =Sheet1!I3*Sheet1!$D$21 -> 68166237 | H3: =Sheet1!J3*Sheet1!$D$21 -> 70699198 | I3: =Sheet1!K3*Sheet1!$D$21 -> 70699198 | ... AA3: =Sheet1!AC3*Sheet1!$D$21 -> 70699198
A4: Silver $/t | B4: =Sheet1!D4*Sheet1!$D$21 -> 940500.51 | C4: =Sheet1!E4*Sheet1!$D$21 -> 974202.93 | D4: =Sheet1!F4*Sheet1!$D$21 -> 924862.8 | E4: =Sheet1!G4*Sheet1!$D$21 -> 860673.97 | F4: =Sheet1!H4*Sheet1!$D$21 -> 805010.72 | G4: =Sheet1!I4*Sheet1!$D$21 -> 839710.23 | H4: =Sheet1!J4*Sheet1!$D$21 -> 853227.48 | I4: =Sheet1!K4*Sheet1!$D$21 -> 853227.48 | ... AA4: =Sheet1!AC4*Sheet1!$D$21 -> 853227.48
A6: Payable Metals in Concentrate (tonne)
A7: Copper | B7: =Sheet1!D7*1000 -> 330207.22 | C7: =Sheet1!E7*1000 -> 372387.38 | D7: =Sheet1!F7*1000 -> 425807.35 | E7: =Sheet1!G7*1000 -> 454969.31 | F7: =Sheet1!H7*1000 -> 498981.87 | G7: =Sheet1!I7*1000 -> 531153.88 | H7: =Sheet1!J7*1000 -> 546766.18 | I7: =Sheet1!K7*1000 -> 509415.81 | ... AA7: =Sheet1!AC7*1000 -> 46758.059
A8: Gold | B8: =Sheet1!D8/Sheet1!$D$21*1000 -> 13.089219 | C8: =Sheet1!E8/Sheet1!$D$21*1000 -> 11.824 | D8: =Sheet1!F8/Sheet1!$D$21*1000 -> 7.9218497 | E8: =Sheet1!G8/Sheet1!$D$21*1000 -> 8.6622073 | F8: =Sheet1!H8/Sheet1!$D$21*1000 -> 10.313236 | G8: =Sheet1!I8/Sheet1!$D$21*1000 -> 13.049124 | H8: =Sheet1!J8/Sheet1!$D$21*1000 -> 12.299453 | I8: =Sheet1!K8/Sheet1!$D$21*1000 -> 11.815424 | ... AA8: =Sheet1!AC8/Sheet1!$D$21*1000 -> 4.0046221
A9: Silver | B9: =Sheet1!D9/Sheet1!$D$21*1000 -> 60.942261 | C9: =Sheet1!E9/Sheet1!$D$21*1000 -> 63.970386 | D9: =Sheet1!F9/Sheet1!$D$21*1000 -> 70.252871 | E9: =Sheet1!G9/Sheet1!$D$21*1000 -> 75.450714 | F9: =Sheet1!H9/Sheet1!$D$21*1000 -> 83.023622 | G9: =Sheet1!I9/Sheet1!$D$21*1000 -> 94.264687 | H9: =Sheet1!J9/Sheet1!$D$21*1000 -> 97.348694 | I9: =Sheet1!K9/Sheet1!$D$21*1000 -> 91.003157 | ... AA9: =Sheet1!AC9/Sheet1!$D$21*1000 -> 12.10266
A11: Gross Revenue | B11: 2025 | C11: 2026 | D11: 2027 | E11: 2028 | F11: 2029 | G11: 2030 | H11: 2031 | I11: 2032 | J11: 2033 | K11: 2034 | L11: 2035 | M11: 2036 | N11: 2037 | O11: 2038 | P11: 2039 | Q11: 2040 | R11: 2041 | S11: 2042 | T11: 2043 | U11: 2044 | V11: 2045 | W11: 2046 | X11: 2047 | Y11: 2048 | Z11: 2049 | AA11: 2050
A12: Copper | B12: =B2*B7*1000 -> 3.1908215e+12 | C12: =C2*C7*1000 -> 3.6291525e+12 | D12: =D2*D7*1000 -> 4.2257811e+12 | E12: =E2*E7*1000 -> 4.4453332e+12 | F12: =F2*F7*1000 -> 4.5798103e+12 | G12: =G2*G7*1000 -> 4.9084285e+12 | H12: =H2*H7*1000 -> 5.1780295e+12 | I12: =I2*I7*1000 -> 4.8243109e+12 | ... AA12: =AA2*AA7*1000 -> 4.4281196e+11
A13: Gold | B13: =B3*B8*1000 -> 1.0406158e+12 | C13: =C3*C8*1000 -> 1.0029659e+12 | D13: =D3*D8*1000 -> 6.0839332e+11 | E13: =E3*E8*1000 -> 6.3611283e+11 | F13: =F3*F8*1000 -> 7.1228461e+11 | G13: =G3*G8*1000 -> 8.8950971e+11 | H13: =H3*H8*1000 -> 8.6956148e+11 | I13: =I3*I8*1000 -> 8.3534098e+11 | ... AA13: =AA3*AA8*1000 -> 2.8312357e+11
A14: Silver | B14: =B4*B9*1000 -> 5.7316228e+10 | C14: =C4*C9*1000 -> 6.2320138e+10 | D14: =D4*D9*1000 -> 6.4974267e+10 | E14: =E4*E9*1000 -> 6.4938466e+10 | F14: =F4*F9*1000 -> 6.6834906e+10 | G14: =G4*G9*1000 -> 7.9155022e+10 | H14: =H4*H9*1000 -> 8.3060581e+10 | I14: =I4*I9*1000 -> 7.7646394e+10 | ... AA14: =AA4*AA9*1000 -> 1.0326322e+10
A15: Total | B15: =SUBTOTAL(109,Table1[2025]) -> 4.2887536e+12 | C15: =SUBTOTAL(109,Table1[2026]) -> 4.6944386e+12 | D15: =SUBTOTAL(109,Table1[2027]) -> 4.8991487e+12 | E15: =SUBTOTAL(109,Table1[2028]) -> 5.1463845e+12 | F15: =SUBTOTAL(109,Table1[2029]) -> 5.3589298e+12 | G15: =SUBTOTAL(109,Table1[2030]) -> 5.8770933e+12 | H15: =SUBTOTAL(109,Table1[2031]) -> 6.1306515e+12 | I15: =SUBTOTAL(109,Table1[2032]) -> 5.7372983e+12 | J15: =SUBTOTAL(109,Table1[2033]) -> 5.1470333e+12 | K15: =SUBTOTAL(109,Table1[2034]) -> 4.5137605e+12 | L15: =SUBTOTAL(109,Table1[2035]) -> 4.3987544e+12 | M15: =SUBTOTAL(109,Table1[2036]) -> 4.3941676e+12 | N15: =SUBTOTAL(109,Table1[2037]) -> 4.5291642e+12 | O15: =SUBTOTAL(109,Table1[2038]) -> 4.688262e+12 | P15: =SUBTOTAL(109,Table1[2039]) -> 4.7897344e+12 | Q15: =SUBTOTAL(109,Table1[2040]) -> 4.5356667e+12 | R15: =SUBTOTAL(109,Table1[2041]) -> 2.5916424e+12 | S15: =SUBTOTAL(109,Table1[2042]) -> 1.7744269e+12 | T15: =SUBTOTAL(109,Table1[2043]) -> 1.2984549e+12 | U15: =SUBTOTAL(109,Table1[2044]) -> 1.1114034e+12 | V15: =SUBTOTAL(109,Table1[2045]) -> 1.0315152e+12 | W15: =SUBTOTAL(109,Table1[2046]) -> 1.058228e+12 | X15: =SUBTOTAL(109,Table1[2047]) -> 1.2684981e+12 | Y15: =SUBTOTAL(109,Table1[2048]) -> 1.6274965e+12 | Z15: =SUBTOTAL(109,Table1[2049]) -> 2.3253402e+12 | AA15: =SUBTOTAL(109,Table1[2050]) -> 7.3626185e+11
B16: =SUM(B17:B19) -> 6.7555382e+12 | C16: =SUM(C17:C19) -> 7.1959636e+12 | D16: =SUM(D17:D19) -> 7.4360729e+12 | E16: =SUM(E17:E19) -> 7.9739389e+12 | F16: =SUM(F17:F19) -> 8.8600559e+12 | G16: =SUM(G17:G19) -> 9.7346121e+12 | H16: =SUM(H17:H19) -> 9.8623056e+12 | I16: =SUM(I17:I19) -> 9.2392515e+12 | ... AA16: =SUM(AA17:AA19) -> 1.2660195e+12
A17: Copper | B17: =B7*B23*1000 -> 4.7880047e+12 | C17: =C7*C23*1000 -> 5.399617e+12 | D17: =D7*D23*1000 -> 6.1742066e+12 | E17: =E7*E23*1000 -> 6.5970549e+12 | F17: =F7*F23*1000 -> 7.2352372e+12 | G17: =G7*G23*1000 -> 7.7017312e+12 | H17: =H7*H23*1000 -> 7.9281097e+12 | I17: =I7*I23*1000 -> 7.3865292e+12 | ... AA17: =AA7*AA23*1000 -> 6.7799185e+11
A18: Gold | B18: =B8*B24*1000 -> 1.8377264e+12 | C18: =C8*C24*1000 -> 1.6600896e+12 | D18: =D8*D24*1000 -> 1.1122277e+12 | E18: =E8*E24*1000 -> 1.2161739e+12 | F18: =F8*F24*1000 -> 1.4479784e+12 | G18: =G8*G24*1000 -> 1.8320971e+12 | H18: =H8*H24*1000 -> 1.7268432e+12 | I18: =I8*I24*1000 -> 1.6588855e+12 | ... AA18: =AA8*AA24*1000 -> 5.6224894e+11
A19: Silver | B19: =B9*B25*1000 -> 1.2980702e+11 | C19: =C9*C25*1000 -> 1.3625692e+11 | D19: =D9*D25*1000 -> 1.4963861e+11 | E19: =E9*E25*1000 -> 1.6071002e+11 | F19: =F9*F25*1000 -> 1.7684032e+11 | G19: =G9*G25*1000 -> 2.0078378e+11 | H19: =H9*H25*1000 -> 2.0735272e+11 | I19: =I9*I25*1000 -> 1.9383672e+11 | ... AA19: =AA9*AA25*1000 -> 2.5778666e+10
B20: 2025 | C20: 2026 | D20: 2027 | E20: 2028 | F20: 2029 | G20: 2030 | H20: 2031 | I20: 2032 | J20: 2033 | K20: 2034 | L20: 2035 | M20: 2036 | N20: 2037 | O20: 2038 | P20: 2039 | Q20: 2040 | R20: 2041 | S20: 2042 | T20: 2043 | U20: 2044 | V20: 2045 | W20: 2046 | X20: 2047 | Y20: 2048 | Z20: 2049 | AA20: 2050
B21: =B16-Table1[[#Totals],[2025]] -> 2.4667846e+12 | C21: =C16-Table1[[#Totals],[2026]] -> 2.501525e+12 | D21: =D16-Table1[[#Totals],[2027]] -> 2.5369242e+12 | E21: =E16-Table1[[#Totals],[2028]] -> 2.8275544e+12 | F21: =F16-Table1[[#Totals],[2029]] -> 3.501126e+12 | G21: =G16-Table1[[#Totals],[2030]] -> 3.8575188e+12 | H21: =H16-Table1[[#Totals],[2031]] -> 3.7316541e+12 | I21: =I16-Table1[[#Totals],[2032]] -> 3.5019531e+12 | J21: =J16-Table1[[#Totals],[2033]] -> 3.1085478e+12 | K21: =K16-Table1[[#Totals],[2034]] -> 2.6930992e+12 | L21: =L16-Table1[[#Totals],[2035]] -> 2.65643e+12 | M21: =M16-Table1[[#Totals],[2036]] -> 2.6333385e+12 | N21: =N16-Table1[[#Totals],[2037]] -> 2.7253514e+12 | O21: =O16-Table1[[#Totals],[2038]] -> 2.8456346e+12 | P21: =P16-Table1[[#Totals],[2039]] -> 2.9303038e+12 | Q21: =Q16-Table1[[#Totals],[2040]] -> 3.0135566e+12 | R21: =R16-Table1[[#Totals],[2041]] -> 1.5234813e+12 | S21: =S16-Table1[[#Totals],[2042]] -> 1.0919071e+12 | T21: =T16-Table1[[#Totals],[2043]] -> 8.0732537e+11 | U21: =U16-Table1[[#Totals],[2044]] -> 6.5582543e+11 | V21: =V16-Table1[[#Totals],[2045]] -> 6.5747744e+11 | W21: =W16-Table1[[#Totals],[2046]] -> 6.9155268e+11 | X21: =X16-Table1[[#Totals],[2047]] -> 8.959313e+11 | Y21: =Y16-Table1[[#Totals],[2048]] -> 1.1709253e+12 | Z21: =Z16-Table1[[#Totals],[2049]] -> 1.7980945e+12 | AA21: =AA16-Table1[[#Totals],[2050]] -> 5.297576e+11
A23: Copper | B23: 14500 | C23: 14500 | D23: 14500 | E23: 14500 | F23: 14500 | G23: 14500 | H23: 14500 | I23: 14500 | J23: 14500 | K23: 14500 | L23: 14500 | M23: 14500 | N23: 14500 | O23: 14500 | P23: 14500 | Q23: 14500 | R23: 14500 | S23: 14500 | T23: 14500 | U23: 14500 | V23: 14500 | W23: 14500 | X23: 14500 | Y23: 14500 | Z23: 14500 | AA23: 14500
A24: Gold | B24: 140400000 | C24: 140400000 | D24: 140400000 | E24: 140400000 | F24: 140400000 | G24: 140400000 | H24: 140400000 | I24: 140400000 | J24: 140400000 | K24: 140400000 | L24: 140400000 | M24: 140400000 | N24: 140400000 | O24: 140400000 | P24: 140400000 | Q24: 140400000 | R24: 140400000 | S24: 140400000 | T24: 140400000 | U24: 140400000 | V24: 140400000 | W24: 140400000 | X24: 140400000 | Y24: 140400000 | Z24: 140400000 | AA24: 140400000
A25: Silver | B25: 2130000 | C25: 2130000 | D25: 2130000 | E25: 2130000 | F25: 2130000 | G25: 2130000 | H25: 2130000 | I25: 2130000 | J25: 2130000 | K25: 2130000 | L25: 2130000 | M25: 2130000 | N25: 2130000 | O25: 2130000 | P25: 2130000 | Q25: 2130000 | R25: 2130000 | S25: 2130000 | T25: 2130000 | U25: 2130000 | V25: 2130000 | W25: 2130000 | X25: 2130000 | Y25: 2130000 | Z25: 2130000 | AA25: 2130000

Sheet Sheet2 (2)
A1: OT HNL1 Case
A2: Payable Metals in Concentrate (tonne) | B2: Grand Total | C2: 2025 | D2: 2026 | E2: 2027 | F2: 2028 | G2: 2029 | H2: 2030 | I2: 2031 | J2: 2032 | K2: 2033 | L2: 2034 | M2: 2035 | N2: 2036 | O2: 2037 | P2: 2038 | Q2: 2039 | R2: 2040 | S2: 2041 | T2: 2042 | U2: 2043 | V2: 2044 | W2: 2045 | X2: 2046 | Y2: 2047 | Z2: 2048 | AA2: 2049 | AB2: 2050
A3: Copper | B3: =SUM(Table4[[#This Row],[2025]:[2050]]) -> 8078750.5 | C3: =Sheet1!D7*1000 -> 330207.22 | D3: =Sheet1!E7*1000 -> 372387.38 | E3: =Sheet1!F7*1000 -> 425807.35 | F3: =Sheet1!G7*1000 -> 454969.31 | G3: =Sheet1!H7*1000 -> 498981.87 | H3: =Sheet1!I7*1000 -> 531153.88 | I3: =Sheet1!J7*1000 -> 546766.18 | J3: =Sheet1!K7*1000 -> 509415.81 | ... AB3: =Sheet1!AC7*1000 -> 46758.059
A4: Gold | B4: =SUM(Table4[[#This Row],[2025]:[2050]]) -> 222.20376 | C4: =Sheet1!D8/Sheet1!$D$21*1000 -> 13.089219 | D4: =Sheet1!E8/Sheet1!$D$21*1000 -> 11.824 | E4: =Sheet1!F8/Sheet1!$D$21*1000 -> 7.9218497 | F4: =Sheet1!G8/Sheet1!$D$21*1000 -> 8.6622073 | G4: =Sheet1!H8/Sheet1!$D$21*1000 -> 10.313236 | H4: =Sheet1!I8/Sheet1!$D$21*1000 -> 13.049124 | I4: =Sheet1!J8/Sheet1!$D$21*1000 -> 12.299453 | J4: =Sheet1!K8/Sheet1!$D$21*1000 -> 11.815424 | ... AB4: =Sheet1!AC8/Sheet1!$D$21*1000 -> 4.0046221
A5: Silver | B5: =SUM(Table4[[#This Row],[2025]:[2050]]) -> 1392.863 | C5: =Sheet1!D9/Sheet1!$D$21*1000 -> 60.942261 | D5: =Sheet1!E9/Sheet1!$D$21*1000 -> 63.970386 | E5: =Sheet1!F9/Sheet1!$D$21*1000 -> 70.252871 | F5: =Sheet1!G9/Sheet1!$D$21*1000 -> 75.450714 | G5: =Sheet1!H9/Sheet1!$D$21*1000 -> 83.023622 | H5: =Sheet1!I9/Sheet1!$D$21*1000 -> 94.264687 | I5: =Sheet1!J9/Sheet1!$D$21*1000 -> 97.348694 | J5: =Sheet1!K9/Sheet1!$D$21*1000 -> 91.003157 | ... AB5: =Sheet1!AC9/Sheet1!$D$21*1000 -> 12.10266
A7: TRQ 2022 Case
A8: Prices | B8: GT | C8: 2025 | D8: 2026 | E8: 2027 | F8: 2028 | G8: 2029 | H8: 2030 | I8: 2031 | J8: 2032 | K8: 2033 | L8: 2034 | M8: 2035 | N8: 2036 | O8: 2037 | P8: 2038 | Q8: 2039 | R8: 2040 | S8: 2041 | T8: 2042 | U8: 2043 | V8: 2044 | W8: 2045 | X8: 2046 | Y8: 2047 | Z8: 2048 | AA8: 2049 | AB8: 2050
A9: Copper $/t | C9: =Sheet1!D2*Sheet1!$D$20 -> 9663.0882 | D9: =Sheet1!E2*Sheet1!$D$20 -> 9745.6378 | E9: =Sheet1!F2*Sheet1!$D$20 -> 9924.162 | F9: =Sheet1!G2*Sheet1!$D$20 -> 9770.6221 | G9: =Sheet1!H2*Sheet1!$D$20 -> 9178.31 | H9: =Sheet1!I2*Sheet1!$D$20 -> 9241.0669 | I9: =Sheet1!J2*Sheet1!$D$20 -> 9470.2811 | J9: =Sheet1!K2*Sheet1!$D$20 -> 9470.2811 | ... AB9: =Sheet1!AC2*Sheet1!$D$20 -> 9470.2811
A10: Gold $/t | C10: =Sheet1!D3*Sheet1!$D$21 -> 79501746 | D10: =Sheet1!E3*Sheet1!$D$21 -> 84824587 | E10: =Sheet1!F3*Sheet1!$D$21 -> 76799402 | F10: =Sheet1!G3*Sheet1!$D$21 -> 73435419 | G10: =Sheet1!H3*Sheet1!$D$21 -> 69065091 | H10: =Sheet1!I3*Sheet1!$D$21 -> 68166237 | I10: =Sheet1!J3*Sheet1!$D$21 -> 70699198 | J10: =Sheet1!K3*Sheet1!$D$21 -> 70699198 | ... AB10: =Sheet1!AC3*Sheet1!$D$21 -> 70699198
A11: Silver $/t | C11: =Sheet1!D4*Sheet1!$D$21 -> 940500.51 | D11: =Sheet1!E4*Sheet1!$D$21 -> 974202.93 | E11: =Sheet1!F4*Sheet1!$D$21 -> 924862.8 | F11: =Sheet1!G4*Sheet1!$D$21 -> 860673.97 | G11: =Sheet1!H4*Sheet1!$D$21 -> 805010.72 | H11: =Sheet1!I4*Sheet1!$D$21 -> 839710.23 | I11: =Sheet1!J4*Sheet1!$D$21 -> 853227.48 | J11: =Sheet1!K4*Sheet1!$D$21 -> 853227.48 | ... AB11: =Sheet1!AC4*Sheet1!$D$21 -> 853227.48
A13: Gross Revenue | B13: Grand Total | C13: 2025 | D13: 2026 | E13: 2027 | F13: 2028 | G13: 2029 | H13: 2030 | I13: 2031 | J13: 2032 | K13: 2033 | L13: 2034 | M13: 2035 | N13: 2036 | O13: 2037 | P13: 2038 | Q13: 2039 | R13: 2040 | S13: 2041 | T13: 2042 | U13: 2043 | V13: 2044 | W13: 2045 | X13: 2046 | Y13: 2047 | Z13: 2048 | AA13: 2049 | AB13: 2050
A14: Copper | B14: =SUM(Table13[[#This Row],[2025]:[2050]]) -> 76736.72 | C14: =C9*C3/1000000 -> 3190.8215 | D14: =D9*D3/1000000 -> 3629.1525 | E14: =E9*E3/1000000 -> 4225.7811 | F14: =F9*F3/1000000 -> 4445.3332 | G14: =G9*G3/1000000 -> 4579.8103 | H14: =H9*H3/1000000 -> 4908.4285 | I14: =I9*I3/1000000 -> 5178.0295 | J14: =J9*J3/1000000 -> 4824.3109 | ... AB14: =AB9*AB3/1000000 -> 442.81196
A15: Gold | B15: =SUM(Table13[[#This Row],[2025]:[2050]]) -> 16013.986 | C15: =C10*C4/1000000 -> 1040.6158 | D15: =D10*D4/1000000 -> 1002.9659 | E15: =E10*E4/1000000 -> 608.39332 | F15: =F10*F4/1000000 -> 636.11283 | G15: =G10*G4/1000000 -> 712.28461 | H15: =H10*H4/1000000 -> 889.50971 | I15: =I10*I4/1000000 -> 869.56148 | J15: =J10*J4/1000000 -> 835.34098 | ... AB15: =AB10*AB4/1000000 -> 283.12357
A16: Silver | B16: =SUM(Table13[[#This Row],[2025]:[2050]]) -> 1201.8036 | C16: =C11*C5/1000000 -> 57.316228 | D16: =D11*D5/1000000 -> 62.320138 | E16: =E11*E5/1000000 -> 64.974267 | F16: =F11*F5/1000000 -> 64.938466 | G16: =G11*G5/1000000 -> 66.834906 | H16: =H11*H5/1000000 -> 79.155022 | I16: =I11*I5/1000000 -> 83.060581 | J16: =J11*J5/1000000 -> 77.646394 | ... AB16: =AB11*AB5/1000000 -> 10.326322
A17: Total | B17: =SUBTOTAL(109,Table13[Grand Total]) -> 93952.509 | C17: =SUBTOTAL(109,Table13[2025]) -> 4288.7536 | D17: =SUBTOTAL(109,Table13[2026]) -> 4694.4386 | E17: =SUBTOTAL(109,Table13[2027]) -> 4899.1487 | F17: =SUBTOTAL(109,Table13[2028]) -> 5146.3845 | G17: =SUBTOTAL(109,Table13[2029]) -> 5358.9298 | H17: =SUBTOTAL(109,Table13[2030]) -> 5877.0933 | I17: =SUBTOTAL(109,Table13[2031]) -> 6130.6515 | J17: =SUBTOTAL(109,Table13[2032]) -> 5737.2983 | K17: =SUBTOTAL(109,Table13[2033]) -> 5147.0333 | L17: =SUBTOTAL(109,Table13[2034]) -> 4513.7605 | M17: =SUBTOTAL(109,Table13[2035]) -> 4398.7544 | N17: =SUBTOTAL(109,Table13[2036]) -> 4394.1676 | O17: =SUBTOTAL(109,Table13[2037]) -> 4529.1642 | P17: =SUBTOTAL(109,Table13[2038]) -> 4688.262 | Q17: =SUBTOTAL(109,Table13[2039]) -> 4789.7344 | R17: =SUBTOTAL(109,Table13[2040]) -> 4535.6667 | S17: =SUBTOTAL(109,Table13[2041]) -> 2591.6424 | T17: =SUBTOTAL(109,Table13[2042]) -> 1774.4269 | U17: =SUBTOTAL(109,Table13[2043]) -> 1298.4549 | V17: =SUBTOTAL(109,Table13[2044]) -> 1111.4034 | W17: =SUBTOTAL(109,Table13[2045]) -> 1031.5152 | X17: =SUBTOTAL(109,Table13[2046]) -> 1058.228 | Y17: =SUBTOTAL(109,Table13[2047]) -> 1268.4981 | Z17: =SUBTOTAL(109,Table13[2048]) -> 1627.4965 | AA17: =SUBTOTAL(109,Table13[2049]) -> 2325.3402 | AB17: =SUBTOTAL(109,Table13[2050]) -> 736.26185
A19: 2026 Price Scenario
A20: 2026 Price | B20: GT | C20: 2025 | D20: 2026 | E20: 2027 | F20: 2028 | G20: 2029 | H20: 2030 | I20: 2031 | J20: 2032 | K20: 2033 | L20: 2034 | M20: 2035 | N20: 2036 | O20: 2037 | P20: 2038 | Q20: 2039 | R20: 2040 | S20: 2041 | T20: 2042 | U20: 2043 | V20: 2044 | W20: 2045 | X20: 2046 | Y20: 2047 | Z20: 2048 | AA20: 2049 | AB20: 2050
A21: Copper | C21: 14500 | D21: 14500 | E21: 14500 | F21: 14500 | G21: 14500 | H21: 14500 | I21: 14500 | J21: 14500 | K21: 14500 | L21: 14500 | M21: 14500 | N21: 14500 | O21: 14500 | P21: 14500 | Q21: 14500 | R21: 14500 | S21: 14500 | T21: 14500 | U21: 14500 | V21: 14500 | W21: 14500 | X21: 14500 | Y21: 14500 | Z21: 14500 | AA21: 14500 | AB21: 14500
A22: Gold | C22: 140400000 | D22: 140400000 | E22: 140400000 | F22: 140400000 | G22: 140400000 | H22: 140400000 | I22: 140400000 | J22: 140400000 | K22: 140400000 | L22: 140400000 | M22: 140400000 | N22: 140400000 | O22: 140400000 | P22: 140400000 | Q22: 140400000 | R22: 140400000 | S22: 140400000 | T22: 140400000 | U22: 140400000 | V22: 140400000 | W22: 140400000 | X22: 140400000 | Y22: 140400000 | Z22: 140400000 | AA22: 140400000 | AB22: 140400000
A23: Silver | C23: 2130000 | D23: 2130000 | E23: 2130000 | F23: 2130000 | G23: 2130000 | H23: 2130000 | I23: 2130000 | J23: 2130000 | K23: 2130000 | L23: 2130000 | M23: 2130000 | N23: 2130000 | O23: 2130000 | P23: 2130000 | Q23: 2130000 | R23: 2130000 | S23: 2130000 | T23: 2130000 | U23: 2130000 | V23: 2130000 | W23: 2130000 | X23: 2130000 | Y23: 2130000 | Z23: 2130000 | AA23: 2130000 | AB23: 2130000
A25: 2026 Price Scen. | B25: Grand Total | C25: 2025 | D25: 2026 | E25: 2027 | F25: 2028 | G25: 2029 | H25: 2030 | I25: 2031 | J25: 2032 | K25: 2033 | L25: 2034 | M25: 2035 | N25: 2036 | O25: 2037 | P25: 2038 | Q25: 2039 | R25: 2040 | S25: 2041 | T25: 2042 | U25: 2043 | V25: 2044 | W25: 2045 | X25: 2046 | Y25: 2047 | Z25: 2048 | AA25: 2049 | AB25: 2050
A26: Copper | B26: =SUM(Table5[[#This Row],[2025]:[2050]]) -> 117141.88 | C26: =C3*C21/1000000 -> 4788.0047 | D26: =D3*D21/1000000 -> 5399.617 | E26: =E3*E21/1000000 -> 6174.2066 | F26: =F3*F21/1000000 -> 6597.0549 | G26: =G3*G21/1000000 -> 7235.2372 | H26: =H3*H21/1000000 -> 7701.7312 | I26: =I3*I21/1000000 -> 7928.1097 | J26: =J3*J21/1000000 -> 7386.5292 | ... AB26: =AB3*AB21/1000000 -> 677.99185
A27: Gold | B27: =SUM(Table5[[#This Row],[2025]:[2050]]) -> 31197.408 | C27: =C4*C22/1000000 -> 1837.7264 | D27: =D4*D22/1000000 -> 1660.0896 | E27: =E4*E22/1000000 -> 1112.2277 | F27: =F4*F22/1000000 -> 1216.1739 | G27: =G4*G22/1000000 -> 1447.9784 | H27: =H4*H22/1000000 -> 1832.0971 | I27: =I4*I22/1000000 -> 1726.8432 | J27: =J4*J22/1000000 -> 1658.8855 | ... AB27: =AB4*AB22/1000000 -> 562.24894
A28: Silver | B28: =SUM(Table5[[#This Row],[2025]:[2050]]) -> 2966.7982 | C28: =C5*C23/1000000 -> 129.80702 | D28: =D5*D23/1000000 -> 136.25692 | E28: =E5*E23/1000000 -> 149.63861 | F28: =F5*F23/1000000 -> 160.71002 | G28: =G5*G23/1000000 -> 176.84032 | H28: =H5*H23/1000000 -> 200.78378 | I28: =I5*I23/1000000 -> 207.35272 | J28: =J5*J23/1000000 -> 193.83672 | ... AB28: =AB5*AB23/1000000 -> 25.778666
A29: Total | B29: =SUBTOTAL(109,Table5[Grand Total]) -> 151306.09 | C29: =SUBTOTAL(109,Table5[2025]) -> 6755.5382 | D29: =SUBTOTAL(109,Table5[2026]) -> 7195.9636 | E29: =SUBTOTAL(109,Table5[2027]) -> 7436.0729 | F29: =SUBTOTAL(109,Table5[2028]) -> 7973.9389 | G29: =SUBTOTAL(109,Table5[2029]) -> 8860.0559 | H29: =SUBTOTAL(109,Table5[2030]) -> 9734.6121 | I29: =SUBTOTAL(109,Table5[2031]) -> 9862.3056 | J29: =SUBTOTAL(109,Table5[2032]) -> 9239.2515 | K29: =SUBTOTAL(109,Table5[2033]) -> 8255.5812 | L29: =SUBTOTAL(109,Table5[2034]) -> 7206.8596 | M29: =SUBTOTAL(109,Table5[2035]) -> 7055.1844 | N29: =SUBTOTAL(109,Table5[2036]) -> 7027.5061 | O29: =SUBTOTAL(109,Table5[2037]) -> 7254.5156 | P29: =SUBTOTAL(109,Table5[2038]) -> 7533.8966 | Q29: =SUBTOTAL(109,Table5[2039]) -> 7720.0382 | R29: =SUBTOTAL(109,Table5[2040]) -> 7549.2233 | S29: =SUBTOTAL(109,Table5[2041]) -> 4115.1237 | T29: =SUBTOTAL(109,Table5[2042]) -> 2866.3341 | U29: =SUBTOTAL(109,Table5[2043]) -> 2105.7802 | V29: =SUBTOTAL(109,Table5[2044]) -> 1767.2288 | W29: =SUBTOTAL(109,Table5[2045]) -> 1688.9926 | X29: =SUBTOTAL(109,Table5[2046]) -> 1749.7807 | Y29: =SUBTOTAL(109,Table5[2047]) -> 2164.4294 | Z29: =SUBTOTAL(109,Table5[2048]) -> 2798.4218 | AA29: =SUBTOTAL(109,Table5[2049]) -> 4123.4346 | AB29: =SUBTOTAL(109,Table5[2050]) -> 1266.0195
